keyword,202303,tot_cnt
banks,17,17
hotelification,1,1
cbres,1,1
offices,5,5
refinance,1,1
inflation,14,14
sector,33,33
sustainable,10,10
pensions,5,5
property,2,2
downturn,2,2
commute,1,1
hybrid,1,1
england,2,2
pandemic,6,6
peak,2,2
recovery,9,9
developers,1,1
silicon,28,28
brewing,1,1
phoenix,2,2
percentage,3,3
simon,1,1
commonplace,1,1
look,5,5
backdrop,2,2
goonetilleke,1,1
volatile,4,4
index,20,20
limit,5,5
outlook,8,8
nuwan,1,1
deepen,1,1
tuesday,4,4
skip,2,2
brakes,1,1
requirements,8,8
cbres london,1,1
investors fear,1,1
rates quarter,1,1
mean recovery,1,1
recession,12,12
risk,7,7
bonds,14,14
svb,10,10
fewer,3,3
nervous,2,2
uninsured,2,2
worst,3,3
todays,2,2
systemic,4,4
us1,1,1
difficulties,1,1
eyes,3,3
flips,1,1
longterm,17,17
boomer,1,1
weeks,8,8
hefty,1,1
prices,4,4
janet,1,1
average,15,15
agenda,2,2
bears,1,1
hikes,9,9
republic,2,2
couple,3,3
banks vulnerable,1,1
half trillion,1,1
eyes deutsche,1,1
duration shorter,1,1
prices start,1,1
banking,13,13
liquidity,12,12
basel,1,1
suisse,9,9
db,1,1
shares,8,8
stability,12,12
quarters,2,2
pension,2,2
selloffs,1,1
geoeconomics,1,1
assess,3,3
statements,2,2
severity,2,2
drop,2,2
ratio,3,3
divisiveness,1,1
crystallize,1,1
deal,4,4
signature,7,7
largest,14,14
consecutive,2,2
central,4,4
ready,2,2
navigate,4,4
communicate,1,1
deutsche bank,1,1
shares lost,1,1
coverage ratio,1,1
persisted prompt,1,1
political divisiveness,1,1
crises,2,2
lehman,1,1
mortgages,1,1
reuters,18,18
capital,15,15
risktaking,1,1
bust,2,2
march,16,16
gfc,2,2
debacle,1,1
deregulation,2,2
worse,1,1
sezerillustration,1,1
worlds,3,3
stay,3,3
swift,2,2
duration,1,1
spain,1,1
counterparties,1,1
pundits,1,1
paul,1,1
axa,1,1
principles,8,8
absorb,1,1
highlights,5,5
bias,2,2
common,6,6
meaning,3,3
echo,1,1
banking crises,2,2
weeks months,1,1
led slower,1,1
firefighting measures,1,1
ebrd,1,1
financing,4,4
emissions,4,4
geff,1,1
renewable,3,3
kzt,1,1
climate,8,8
green,4,4
vendors,1,1
opportunities,5,5
institutions,5,5
technical,2,2
annual,2,2
rural,3,3
shinhan,1,1
competitiveness,4,4
online,1,1
tonnes,2,2
launches,1,1
primary,2,2
decarbonisation,1,1
ii,1,1
hundreds,1,1
resilience,2,2
circular,4,4
driven,1,1
privatesector,2,2
centercredit,1,1
modernise,1,1
today,8,8
selector,1,1
reconstruction,2,2
gendersensitive,1,1
kazakhstan ebrds,1,1
builds geff,1,1
primary energy,1,1
offer gendersensitive,1,1
ad,4,4
audio,3,3
video,5,5
issues,6,6
content,11,11
load,3,3
relevant,3,3
froze,3,3
loud,3,3
player,3,3
finish,3,3
ad video,3,3
player slow,3,3
loud issues,3,3
froze did,3,3
growth,7,7
catastrophic,1,1
economist,3,3
stabilization,2,2
manhattan,1,1
lack,2,2
stress,4,4
reutersathit,1,1
confidence,6,6
crunch,3,3
signs,7,7
apollo,1,1
ubs,8,8
remain,3,3
governmentrun,1,1
people,3,3
monday,16,16
weigh,1,1
backstop,4,4
provision,3,3
deck,1,1
bring,4,4
macswan,2,2
enjoy,2,2
neel,1,1
bancshares,5,5
torsten,1,1
collapse banks,1,1
mediumterm worry,1,1
incentivise,1,1
organisations,1,1
sectors,18,18
regulations,3,3
national,8,8
carbon,1,1
greener,3,3
taxes,2,2
wildlife,1,1
mitigate,1,1
disposal,1,1
publicprivate,2,2
patel,1,1
autonomy,1,1
mechanisms,1,1
columbia,1,1
champa,1,1
innovative,3,3
oecd,1,1
track,3,3
recommendations,2,2
dont,2,2
transition,3,3
report,6,6
population,4,4
deputy,2,2
winwin,1,1
virtuous,1,1
play,3,3
align,1,1
funding climate,1,1
zero goals,1,1
ways subnational,1,1
taxes fees,1,1
premium,4,4
subscription,3,3
trial,2,2
access,12,12
digital,14,14
cost,15,15
savings,2,2
premier,4,4
plan,6,6
month,5,5
downgrade,2,2
opt,2,2
settings,2,2
standard,3,3
cancel,2,2
lex,2,2
reporting,3,3
business,5,5
retain,3,3
section,2,2
journalistic,2,2
offering,2,2
click,3,3
comparison,3,3
packages,2,2
themes,2,2
expert,2,2
column,2,2
original,2,2
robust,3,3
fulfils,2,2
digital premium,2,2
trial trial,2,2
change plan,2,2
retain access,2,2
news analysis,2,2
gelfand,1,1
accounting,5,5
chester,1,1
vice,9,9
annuity,1,1
venerables,1,1
principal,1,1
pa,2,2
promotions,1,1
insurance,4,4
underwriter,1,1
president,3,3
visit,4,4
public,10,10
wells,1,1
entities,7,7
smith,2,2
west,1,1
prnewswire,2,2
improvement,2,2
greg,1,1
voya,1,1
svp,1,1
athene,1,1
bachelor,1,1
experience,2,2
controller,2,2
des,1,1
focused,1,1
integration,2,2
richard gelfand,1,1
reporting audits,1,1
pennsylvania holds,1,1
legacy variable,1,1
bank,11,11
awards,2,2
winners,1,1
ukraine,3,3
shaktikanta,3,3
indias,1,1
board,3,3
year,1,1
results,1,1
advisory,2,2
governor,3,3
editorial,1,1
das,1,1
commercial,1,1
narrowed,1,1
faced,1,1
months,7,7
roster,1,1
live,1,1
references,1,1
team,2,2
field,4,4
partners,1,1
pitches,1,1
banking awards,1,1
ukraine 2023,1,1
shaktikanta das,1,1
year central,1,1
pitches contacting,1,1
medtech,1,1
grants,1,1
lsimf,1,1
regulatory,11,11
advances,1,1
mhra,1,1
produce,2,2
chancellors,1,1
framework,3,3
superpower,1,1
advantages,2,2
diseases,1,1
harnessing,1,1
wrexham,1,1
tranche,2,2
stents,1,1
forms,3,3
immunotherapies,1,1
jeremy,1,1
randox,1,1
mrna,1,1
pace,5,5
joint,5,5
identifies,1,1
quince,1,1
touchlight,1,1
spasticity,1,1
story,10,10
life sciences,1,1
jobs protect,1,1
uk north,1,1
xiamen,1,1
beijings,1,1
deng,1,1
planner,1,1
policy,23,23
communist,2,2
decades,3,3
reliance,2,2
senior,4,4
mr,1,1
municipal,2,2
lifeng,1,1
negotiations,1,1
job,1,1
member,2,2
bastion,1,1
edicts,1,1
test,1,1
appointment,3,3
early,3,3
new,9,9
mediumsize,1,1
center,2,2
embrace,1,1
sure,14,14
coastal,2,2
chinas leader,1,1
economy appointment,1,1
dictates test,1,1
youth,1,1
redevelopments,1,1
centres,3,3
thousands,1,1
temple,1,1
allocation,1,1
fitness,1,1
thrive,4,4
benefit,3,3
edinburghs,1,1
doors,1,1
antisocial,1,1
sessions,1,1
hotspots,1,1
rates,15,15
hours,1,1
horticulture,1,1
guarantee,7,7
mindfulness,1,1
laptops,1,1
initial,5,5
nutritional,1,1
grateful,3,3
way,8,8
horizons,1,1
hyde,1,1
lucy,1,1
youth facilities,1,1
rates antisocial,1,1
develop vital,1,1
investment 500,1,1
reflected set,1,1
investeu,1,1
costs,6,6
covid19,4,4
aid,2,2
equitable,2,2
digitalisation,3,3
transport,2,2
risks,17,17
commission,2,2
hungary,1,1
storage,2,2
boost,5,5
sme,1,1
minimise,1,1
convergence,1,1
gentiloni,1,1
focus,8,8
addressing,1,1
grids,1,1
various,4,4
issue,1,1
december,1,1
renaudbasso,1,1
green investments,1,1
guarantee agreement,1,1
covid19 crisis,1,1
help accelerate,1,1
treasury,3,3
trends,3,3
prospects,2,2
weirdness,1,1
indicators,6,6
soft,1,1
models,3,3
percent,8,8
gallon,1,1
ground,1,1
civilization,1,1
epoch,1,1
pollock,1,1
enormous,1,1
teams,2,2
tidal,1,1
shift,1,1
jackson,1,1
right,1,1
deglobalization,1,1
princeton,1,1
yoyo,1,1
twin,1,1
wash,1,1
inflation recession,1,1
weirdness come,1,1
separating topflight,1,1
painting data,1,1
neobanks,1,1
crisis,5,5
consumer,4,4
trust,13,13
failures,4,4
industry,2,2
confident,1,1
majority,2,2
collapse,7,7
regional,3,3
challenges,4,4
adults,1,1
unsteady,1,1
hardest,2,2
face,1,1
mode,1,1
runs,2,2
earlier,2,2
hit,1,1
thrown,1,1
feet,1,1
failures neobanks,1,1
confident primary,1,1
largest percentage,1,1
collapse silicon,5,5
adults remain,1,1
economys,1,1
coronavirus,3,3
falloff,1,1
poverty,2,2
slump,1,1
threat,1,1
decade,3,3
global,20,20
impact,6,6
health,2,2
potential,12,12
poised,1,1
output,1,1
undermine,1,1
series,1,1
invasion,1,1
systems,1,1
change,4,4
crippled,1,1
trade,6,6
chains,1,1
sharp,2,2
longterm growth,1,1
average potential,1,1
currencies,2,2
stocks,10,10
lenders,2,2
sx7p,1,1
sivb,1,1
overnight,1,1
thomson,13,13
cautious,1,1
turmoil,3,3
singapore,2,2
sterling,1,1
regulator,5,5
sudden,1,1
respite,2,2
major,8,8
aiqbal,1,1
bechtel,1,1
strategist,4,4
basis,19,19
ferris,1,1
brad,1,1
nerves,2,2
overnight ranges,1,1
rein worries,1,1
petroleum,1,1
pipeline,4,4
exports,3,3
brent,1,1
futures,6,6
putins,1,1
stockpiles,1,1
gains,6,6
hopes,1,1
wti,2,2
kilduff,1,1
nuclear,2,2
jitters,5,5
funding,3,3
halt,1,1
wednesday,6,6
fiona,1,1
outages,1,1
fcnca,3,3
offset,4,4
api,1,1
somasekhar,1,1
consent,1,1
deliberations,1,1
agrees,1,1
crude kurdistan,1,1
halts pipeline,1,1
banking deal,1,1
publish inventory,1,1
selloff,1,1
swaps,2,2
paneuropean,2,2
negative,3,3
fears,5,5
default,2,2
fridays,2,2
mould,1,1
flagging,1,1
alert,1,1
bell,2,2
disposition,2,2
contagion,5,5
care,2,2
session,4,4
come,4,4
director,4,4
added,4,4
yearonyear,1,1
citizens,4,4
paneuropean stoxx,2,2
close monday,1,1
fears contagion,1,1
taiwan,1,1
yellowblue,1,1
ndcs,1,1
demand,3,3
forecast,5,5
texttospeech,1,1
development,5,5
current,6,6
transitions,1,1
department,3,3
zerocovid,3,3
april,1,1
吳明蕙,1,1
wu,1,1
weaker,1,1
inventories,1,1
sluggishness,1,1
contraction,1,1
pmi,1,1
privacy,2,2
subindex,1,1
composite,2,2
dual,1,1
minghsin,1,1
half,5,5
agree,1,1
taiwans economy,1,1
yellowblue light,1,1
signifying stable,1,1
showed subindex,1,1
february fourth,1,1
hong,3,3
brokerage,1,1
merger,2,2
yang,1,1
cagr,1,1
morgan,1,1
capabilities,1,1
standards,12,12
secondlargest,2,2
ms,3,3
units,1,1
purchases,1,1
overseen,1,1
british,1,1
agricole,1,1
expansion,2,2
li,1,1
strengthen,2,2
inbound,1,1
disposals,1,1
setup,1,1
base,3,3
statement,7,7
stan,1,1
selena,1,1
global banks,1,1
licences earlier,1,1
served chinese,1,1
stan won,1,1
sustainability,4,4
disposalcentric,1,1
amsterdam,1,1
productsmaterials,1,1
zerowaste,1,1
taxation,2,2
regeneration,1,1
elimination,1,1
independent,4,4
communities,2,2
definitions,2,2
importance,5,5
closedloop,1,1
lifespan,2,2
path,1,1
return,3,3
extraction,1,1
feedbackrich,1,1
earthday,1,1
circulation,2,2
union,1,1
cons,1,1
able,2,2
startup,5,5
macarthur,1,1
adoption,4,4
tackle,1,1
circular economy,1,1
recycling regeneration,1,1
rainwater nourish,1,1
levels 2020,1,1
airport,2,2
strike,2,2
disruption,2,2
germans,1,1
walkouts,1,1
protestors,1,1
employers,1,1
biggest,5,5
commuter,1,1
dmitracova,1,1
strauss,1,1
longdistance,1,1
hubs,1,1
unprovoked,1,1
stacheafpgetty,1,1
welge,1,1
raise,3,3
bimmerreuters,1,1
christof,1,1
terminal,3,3
suffer,2,2
vka,1,1
olesya,1,1
dependent,1,1
justified,1,1
closure,2,2
tanno,1,1
german airports,1,1
run protestors,1,1
called major,1,1
fdic,2,2
institutional,2,2
reserve,5,5
axios,1,1
losses,8,8
data,11,11
small,3,3
guaranteed,1,1
valley,10,10
repos,1,1
stashing,1,1
cases,3,3
covid,1,1
longerterm,2,2
flighty,1,1
easytotrade,1,1
fastest,1,1
oh,1,1
chart axios,1,1
highlights anxiety,1,1
mississippi,1,1
usms,1,1
aquaculture,1,1
campus,2,2
degree,2,2
programs,1,1
educate,1,1
hire,2,2
capacity,8,8
hydrographic,1,1
topics,2,2
mexico,1,1
waves,1,1
stem,1,1
shinskie,1,1
jim,1,1
vicepresident,1,1
sose,1,1
evolutions,1,1
laboratory,1,1
cynthia,1,1
franks,1,1
fields,2,2
stresses,4,4
available,11,11
topnotch,1,1
traditional,2,2
handson,2,2
adjust,1,1
coastal usm,1,1
create economic,1,1
support blue,1,1
equipping students,1,1
hydrographic science,1,1
homebuyers,1,1
sales,1,1
decline,2,2
gdp,4,4
median,2,2
expectations,4,4
policymakers,5,5
durable,1,1
uptick,1,1
core,2,2
insight,1,1
article,11,11
significant,10,10
spree,1,1
stabilize,1,1
real,5,5
spdr,1,1
boards,1,1
reveal,1,1
q3,1,1
ishares,1,1
mortgage rates,1,1
existing home,1,1
policymakers advisors,1,1
reserves,3,3
ratings,2,2
monthdrop,1,1
dips,1,1
unemployment,2,2
china,2,2
disappointing,1,1
recent,8,8
agency,1,1
cnbcs,1,1
consistent,1,1
sunday,2,2
unfold,1,1
fourdecade,1,1
break,1,1
resilient,3,3
brunt,1,1
mark,3,3
zandi,1,1
squawk,1,1
tweet,1,1
impactsome,1,1
tone,1,1
legendary,1,1
wellknown,3,3
wont,1,1
sternlicht,1,1
row,1,1
feds inflation,1,1
continue rate,1,1
mobiuss view,1,1
adding china,1,1
maybe veteran,1,1
finance,7,7
cashflow,1,1
cfos,1,1
forecasts,3,3
strategy,4,4
roles,1,1
scalable,1,1
profitability,3,3
developments,6,6
compliance,2,2
evolution,1,1
routine,1,1
pool,3,3
superstar,1,1
function,3,3
execute,2,2
detection,1,1
solutions,3,3
structures,2,2
literacy,3,3
reconciliation,1,1
gap,1,1
accounting ai,1,1
capabilities create,1,1
jobs leaving,1,1
refiningpetrochemical,1,1
oil,1,1
zpc,1,1
investment,12,12
guangdong,1,1
mobil,1,1
bpd,1,1
norinco,1,1
multibilliondollar,1,1
stake,1,1
agreements,1,1
korean,1,1
basf,1,1
highvalue,1,1
venture,6,6
east,4,4
exporter,1,1
paraxylene,1,1
port,2,2
single,1,1
website,8,8
complexes,1,1
presence,2,2
aramco petrochemical,1,1
rongsheng deal,1,1
guangdong explore,1,1
separately sunday,1,1
instability,3,3
consequences,4,4
highrate,1,1
uncertainties,2,2
rebound,3,3
chinas,2,2
factors,6,6
eye,1,1
waters,1,1
translate,1,1
underscores,2,2
woes,3,3
worth,10,10
neartomedium,1,1
kristalina,1,1
friday,3,3
onethird,3,3
banking crisis,4,4
generates stresses,1,1
neartomedium term,1,1
null,16,16
feds,5,5
barr,2,2
testimony,1,1
warnings,1,1
congressional,1,1
supervision,1,1
review,13,13
panel,5,5
vast,1,1
likely,8,8
pledged,1,1
withdraw,3,3
nations,2,2
steps,1,1
formal,2,2
michael,1,1
midfebruary,1,1
multiple,1,1
deem,1,1
sent,2,2
banking committee,1,1
failures silicon,1,1
barr said,1,1
shortcomings supervision,1,1
optimism,1,1
ifo,3,3
investors,8,8
ecb,2,2
increase,2,2
wagner,1,1
unexpected,1,1
turbulence,2,2
wohlrabe,1,1
lag,1,1
poll,2,2
july,1,1
lampe,1,1
joerg,1,1
european,3,3
little,4,4
murray,1,1
door,2,2
doesnt,1,1
german bank,1,1
turmoil little,1,1
basis points,1,1
renovation,1,1
homeowners,1,1
fixerupper,1,1
buy,2,2
equity,5,5
make,2,2
ventilation,1,1
analytics,2,2
overall,2,2
golden,1,1
appeal,1,1
ones,1,1
electric,1,1
zondas,1,1
ceo,5,5
glamorous,1,1
tomalak,1,1
area,2,2
backsplash,1,1
hgtv,1,1
bath,1,1
conditioning,1,1
throw,1,1
sophia,1,1
federal,8,8
installing,1,1
renovation investments,1,1
expect average,1,1
factor rate,1,1
contrary people,1,1
sovereigns,1,1
impasse,1,1
bnp,1,1
générale,1,1
fragmentation,2,2
morning,3,3
dates,1,1
cynical,1,1
fall,5,5
preconditions,1,1
deeper,1,1
theres,3,3
peripheral,1,1
affirm,1,1
pillar,2,2
stalemate,1,1
linkages,1,1
fellow,1,1
codependence,1,1
measures,7,7
union unfinished,1,1
intrinsic contradiction,1,1
reducing fragmentation,1,1
portfolio,5,5
regime,1,1
managers,2,2
maturities,1,1
changes,2,2
seegolam,1,1
environment,1,1
spring,2,2
higher,2,2
harvesh,1,1
world,4,4
high,4,4
willing,3,3
speaking,1,1
meetings,1,1
frequent,1,1
short,1,1
nimble,1,1
need,1,1
reserve managers,1,1
rates inflation,1,1
mauritius said,1,1
high policy,1,1
entering new,1,1
biodiversity,1,1
oversees,1,1
unepwcmc,1,1
assessing,1,1
charity,1,1
sciencepolicy,1,1
cochairs,1,1
categorise,1,1
crucial,4,4
tools,1,1
head,1,1
paramount,1,1
authors,2,2
jones,3,3
dependencies,1,1
andes,1,1
rueda,1,1
feslerlampert,1,1
regents,1,1
engagement,2,2
minnesota,1,1
plenary,1,1
business biodiversity,1,1
appointed cochair,1,1
ipbes plenary,1,1
energising enabling,1,1
deposits,6,6
stoxx,2,2
prospect,1,1
stable,2,2
swiss,8,8
bleak,1,1
rout,2,2
apparent,1,1
normal,1,1
branches,3,3
reassurances,1,1
respective,3,3
tend,2,2
sit,1,1
reverberations,1,1
bank svb,1,1
shedding percent,1,1
pose risk,2,2
welcomed washington,1,1
shortbitcoin,1,1
investments,8,8
btc,1,1
coinshares,1,1
trend,4,4
yields,5,5
clients,4,4
supercharges,1,1
safe,3,3
haven,1,1
rate,8,8
view,5,5
polygons,1,1
reversal,2,2
xrp,1,1
dummies,1,1
hand,2,2
grow,2,2
anxiety,1,1
continuous,2,2
million shortbitcoin,1,1
stability traditional,1,1
report attributes,1,1
economic,4,4
international,7,7
analyses,1,1
commons,1,1
free,1,1
forum,3,3
account,2,2
terms,15,15
accordance,2,2
create,4,4
publications,2,2
views,7,7
license,1,1
creative,1,1
latest,2,2
collection,1,1
author,2,2
world economic,1,1
free account,1,1
publications analyses,1,1
regulators,5,5
officials,1,1
secretary,1,1
white,1,1
nick,1,1
washington,1,1
zieminski,1,1
decisive,1,1
houses,2,2
press,2,2
heather,1,1
jeff,2,2
karine,1,1
doina,1,1
chiacu,1,1
jasper,1,1
timmons,1,1
banking safe,1,1
press secretary,1,1
said americans,1,1
zieminski standards,1,1
nikkei,1,1
markets,4,4
japans,1,1
asiapacific,1,1
indexs,1,1
australia,1,1
investor,2,2
seng,1,1
kongs,1,1
february,2,2
rise,1,1
retail,3,3
sentiment,6,6
release,1,1
chicago,1,1
close,2,2
contract,2,2
counterpart,1,1
asiapacific markets,1,1
sentiment index,1,1
spasx 200,1,1
headed fall,1,1
optimistic,1,1
heathrow,1,1
concerns,1,1
bailey,1,1
macroprudential,1,1
downside,1,1
bit,1,1
evidence,2,2
nominal,2,2
read,6,6
announcement,2,2
likewise,2,2
summer,2,2
reminds,1,1
successive,1,1
expectation,1,1
strains,1,1
fashion,1,1
highprofile,2,2
install,1,1
matalan,1,1
news inflation,1,1
resilient activity,1,1
install sky,1,1
narita,1,1
manufacturing,1,1
takedas,1,1
purification,2,2
maintenance,2,2
plans,2,2
pdts,1,1
automation,2,2
provide,3,3
digitalization,1,1
teardown,1,1
diagnoses,1,1
alternative,3,3
critical,1,1
fractionation,1,1
daytoday,1,1
aim,1,1
reliant,1,1
immunoglobulin,1,1
juso,1,1
therapies,1,1
times,4,4
kind,1,1
thomas,1,1
japan facility,1,1
takeda said,1,1
pdt products,1,1
johannesburg,1,1
bluechip,1,1
bps,1,1
jtopi,1,1
booysen,1,1
gmt,3,3
worries,1,1
yield,3,3
possible,2,2
editing,1,1
billions,5,5
benchmark,3,3
hike,6,6
banking stocks,1,1
jalsh gaining,1,1
said south,1,1
browser,12,12
javascript,13,13
cookies,13,13
service,14,14
supports,12,12
information,14,14
happen,12,12
supports javascript,12,12
loading information,12,12
did happen,12,12
review terms,12,12
ashcroft,1,1
chairman,3,3
resignation,1,1
contractor,1,1
ferguson,1,1
financial,4,4
chief,6,6
downer,1,1
allegations,2,2
hls,1,1
utilities,1,1
ax,1,1
australian,2,2
chellew,1,1
g8,1,1
watchdog,1,1
step,2,2
chatterjee,1,1
irregularities,1,1
benefits,4,4
subcontractors,1,1
kalluvila,1,1
rishav,1,1
personal,5,5
malcolm ashcroft,1,1
standards thomson,1,1
hls ax,1,1
utilities business,1,1
proposals,2,2
foreign,2,2
fdi,1,1
restrictions,1,1
chinahong,1,1
sitharaman,2,2
border,1,1
takeovers,1,1
ganguli,1,1
kong,2,2
nirmala,1,1
lawmakers,2,2
disputed,1,1
minister,6,6
shinjini,2,2
seek,1,1
share,3,3
soldiers,1,1
beneficial,1,1
tensions,2,2
ohri,1,1
investments china,1,1
border india,1,1
lawmakers monday,1,1
corruption,2,2
accountable,1,1
presstreasury,1,1
summit,2,2
anticorruption,1,1
rosenberg,1,1
firstever,1,1
fatf,1,1
danandrei,1,1
kumar,1,1
event,2,2
cornerstone,1,1
concepción,1,1
verdugo,1,1
late,1,1
discussion,3,3
muraru,1,1
fair,5,5
rsvp,1,1
yepes,1,1
interested,2,2
pennsylvania,1,1
secretary treasury,1,1
crimes raja,1,1
highlighting anticorruption,1,1
ensuring equal,1,1
lancaster,1,1
careerreadiness,1,1
bremen,1,1
jodi,1,1
robin,1,1
shop,1,1
nevin,1,1
maternity,1,1
opportunity,1,1
regardless,2,2
promote,1,1
chamber,2,2
relationships,2,2
whos,1,1
berne,1,1
difficult,1,1
mock,1,1
dear,1,1
coffee,1,1
jbarrongannett,1,1
oldest,1,1
sophomore,1,1
wasnt,2,2
ohio,1,1
avid,1,1
banking motta,1,1
nevin opens,1,1
band enjoys,1,1
reforms,2,2
migration,2,2
wholesale,2,2
constitution,1,1
enable,9,9
newspaper,1,1
investmentdriven,1,1
corner,1,1
mazumdaru,1,1
golley,1,1
soes,1,1
speeches,1,1
peoples,1,1
strict,1,1
twiceadecade,1,1
platform,1,1
dexter,1,1
wave,1,1
inequality,3,3
wouldnt,2,2
chinas economic,1,1
began rural,1,1
openingup process,1,1
ceos,1,1
investigations,2,2
initiatives,1,1
incompetent,1,1
dohio,1,1
chuck,1,1
warren,1,1
crack,1,1
rollback,1,1
thursday,2,2
transparency,2,2
nixing,1,1
dmass,1,1
torres,1,1
calamitous,1,1
file,1,1
citations,1,1
urges,1,1
failed silicon,1,1
debt,2,2
valuations,1,1
resurgence,1,1
multiyear,1,1
milestones,1,1
payback,1,1
capacityflexibility,1,1
earlystage,1,1
seed,1,1
phrase,1,1
originations,1,1
chaos,1,1
runway,1,1
efficiency,2,2
ecosystem,7,7
cacltv,1,1
effect,1,1
ratios,3,3
longtime,1,1
metrics,2,2
presents,1,1
sides,1,1
essential,2,2
im,1,1
sorts,1,1
combine slower,1,1
proponent mindset,1,1
emergency facility,1,1
appropriations,1,1
collapses,3,3
powell,4,4
jerome,1,1
solvent,1,1
extended,1,1
citigroup,1,1
messages,2,2
subcommittee,1,1
yellen,1,1
cater,1,1
weekend,2,2
pose,1,1
bank federal,1,1
collapses silicon,1,1
svb time,1,1
contagion risk,1,1
gold,1,1
etfs,3,3
sgbs,1,1
mint,1,1
glitters,1,1
gidwani,1,1
overseas,2,2
liable,1,1
maturity,1,1
indexation,2,2
apply,1,1
longperiod,1,1
rd,1,1
irrespective,1,1
archit,1,1
similar,4,4
categories,2,2
brackets,1,1
physical,3,3
investing gold,2,2
india capital,1,1
form tax,1,1
sgbs physical,1,1
units maturity,1,1
inflationary,2,2
consumption,3,3
california,1,1
monthly,1,1
withdrawals,3,3
scrutiny,1,1
readings,1,1
hear,1,1
sign,1,1
tap,1,1
pressures,6,6
anticipate,1,1
preserve,2,2
headline,2,2
double,2,2
caseshiller,1,1
cartoons,1,1
adams,1,1
inflationary pressures,1,1
median national,1,1
hikes seen,1,1
innovations,2,2
indiastack,1,1
uidai,1,1
efficiencies,2,2
welfare,1,1
indispensability,1,1
usecases,1,1
inherent,1,1
authentications,1,1
datapoints,1,1
participative,1,1
seeks,1,1
gva,2,2
fakeduplicate,1,1
unorganizedsector,1,1
leakages,1,1
torrid,1,1
thanks,3,3
imperative,2,2
digitalization india,1,1
welfare goodgovernance,1,1
captive sandboxes,1,1
added gva,1,1
mining,1,1
cobalt,1,1
leverage,1,1
nigeria,1,1
coinvestors,1,1
diversification,3,3
cif,1,1
drc,1,1
cleanenergy,1,1
eligible,1,1
memorandum,1,1
afcs,1,1
lithiumion,1,1
alerts,3,3
help,2,2
vessels,1,1
codevelop,1,1
foster,1,1
workstreams,1,1
highquality,2,2
understanding afc,1,1
project contract,1,1
export terminal,1,1
co2,1,1
hamizhengzhou,1,1
gw,2,2
coaltogas,1,1
estimate,1,1
generate,1,1
inefficient,1,1
ultrahighvoltage,1,1
grid,1,1
resource,1,1
voltage,1,1
nea,1,1
exaggerated,1,1
calendar,2,2
evolve,1,1
wastage,1,1
backup,2,2
feedintariffs,1,1
undercut,1,1
installations,1,1
complementarity,1,1
bases,1,1
practice,2,2
stopstarts,1,1
renewables china,1,1
average requirement,1,1
approach expand,1,1
freeport,1,1
economy,3,3
pembrokeshire,1,1
biofuels,1,1
celtic,1,1
net,1,1
ynys,1,1
roger,1,1
gross,3,3
mbe,1,1
hydrogen,1,1
reduction,2,2
congratulate,1,1
inward,1,1
harston,1,1
abp,1,1
fairer,2,2
nurture,1,1
talbot port,1,1
biofuels support,1,1
uk governments,1,1
gross value,1,1
storage ccus,1,1
assetliability,1,1
warns,1,1
analysts,2,2
insurers,2,2
spreads,1,1
defaults,1,1
smaller,2,2
volatility,5,5
underestimate,3,3
gilts,1,1
aggressive,1,1
albeit,1,1
residential,1,1
parallels,1,1
retraction,1,1
monitor,3,3
implies,1,1
banking turmoil,1,1
defaults key,1,1
profiles,1,1
surveys,2,2
audit,1,1
telephone,1,1
cv,1,1
enquiry,1,1
details,2,2
regard,1,1
identity,2,2
usability,1,1
manage,2,2
valuable,2,2
unlawful,1,1
instructions,1,1
clicks,1,1
fulfilment,1,1
preferences,1,1
wish,1,1
helps,1,1
transmission,1,1
processors,1,1
personal data,1,1
practices hubbis,1,1
advertisers audit,1,1
watches,1,1
brands,2,2
wonders,1,1
rolex,1,1
showcase,1,1
jeanphilippe,1,1
booming,1,1
export,3,3
cartier,1,1
toll,2,2
turnaround,1,1
stern,1,1
distribution,2,2
backlogs,1,1
normalcy,1,1
eyed,1,1
jon,1,1
afp,1,1
swiss watchmakers,1,1
banking scene,1,1
coviddominated 2020,1,1
return normalcy,1,1
schedules,1,1
employee,2,2
innovator,1,1
hardware,1,1
loyalty,2,2
zebra,1,1
linkedin,3,3
visitors,2,2
dynamic,2,2
registered,1,1
aspects,1,1
frontline,1,1
better,2,2
sevenin10,1,1
matrox,1,1
eightyfive,1,1
andor,1,1
integrate,3,3
suresh,1,1
newsweeks,1,1
banking technology,1,1
improve customer,1,1
swaps timeoff,1,1
takeover,2,2
lender,2,2
bourse,1,1
kingdoms,1,1
al,1,1
assets,3,3
riyals,1,1
reasons,2,2
trigger,3,3
talal,1,1
credit suisse,1,1
kingdoms biggest,1,1
ceo talal,1,1
global jitters,1,1
firm,4,4
insider,1,1
brady,1,1
truckmaker,1,1
retire,1,1
nkla,1,1
pasterick,1,1
devika,1,1
role,1,1
blankcheck,1,1
key,2,2
follow,1,1
delivered,1,1
quarter,3,3
akash,1,1
hitting,1,1
syamnath,1,1
companies nikola,1,1
brady retire,1,1
officer april,1,1
syamnath standards,1,1
drought,1,1
waterenergy,1,1
israel,1,1
canals,1,1
scientists,1,1
cowerc,1,1
northwesterns,1,1
isen,1,1
trek,1,1
remedies,1,1
stewardship,1,1
collaborative,1,1
studyabroad,1,1
potable,1,1
barriers,2,2
bengurion,1,1
enables,2,2
human,2,2
associate,2,2
candop,1,1
day,3,3
lowest,3,3
exponential,1,1
global water,1,1
research israel,1,1
cowerc director,1,1
northwesterns annual,1,1
efficiencies processes,1,1
sptsx,1,1
loans,2,2
gsptse,1,1
advance,2,2
dip,2,2
points,3,3
pops,1,1
positive,3,3
broadbased,1,1
fergal,1,1
additional,2,2
sandra,1,1
choy,2,2
cherian,1,1
cieszynski,1,1
equity markets,1,1
deposits failed,1,1
strategist sia,1,1
hopeful recent,1,1
schwab,1,1
boockvar,1,1
bleakley,1,1
charles,1,1
peter,1,1
experts,1,1
exchange,3,3
twitter,3,3
facebook,1,1
discuss,1,1
join,1,1
email,2,2
heres,2,2
officer,2,2
good,2,2
jeff kleintop,1,1
stocks good,1,1
article linkedin,1,1
officer join,1,1
hertz,1,1
rental,1,1
cfo,2,2
cheungs,1,1
interim,3,3
vehicle,1,1
dollar,1,1
search,1,1
rashmi,1,1
correct,1,1
pressure,1,1
error,1,1
typographical,1,1
kenny,1,1
kickstarts,1,1
effective,4,4
dasgupta,1,1
alexandra,1,1
serve,2,2
hertzs profitability,1,1
vehicle rental,1,1
cheung remain,1,1
cfo story,1,1
march 27,1,1
tiktok,1,1
platforms,6,6
nbc,1,1
lucrative,1,1
downloads,1,1
bytedance,2,2
chew,1,1
reports,1,1
audience,1,1
ramifications,2,2
affect,2,2
emarketer,1,1
incredible,1,1
hill,1,1
fragile,1,1
weighs,1,1
interrupt,1,1
miniindustries,1,1
banning tiktoks,1,1
country social,1,1
rockawayx,1,1
cryptoassets,1,1
unicorns,1,1
headquarters,1,1
cap,1,1
terra,1,1
prominent,1,1
vc,1,1
knowns,1,1
players,1,1
source,4,4
cumulative,1,1
viktor,1,1
traction,1,1
cyclical,1,1
mental,1,1
setbacks,1,1
turbulent,2,2
crypto startups,1,1
europe investment,1,1
growing prominence,1,1
hotels,1,1
satori,1,1
stakeholder,1,1
marketplace,1,1
msas,1,1
banyan,1,1
aperture,1,1
extendedstay,1,1
lifestyle,1,1
cofounder,2,2
pursue,1,1
thirdparty,1,1
capitals,1,1
underwriting,2,2
hallmarks,1,1
group,4,4
values,1,1
integrity,1,1
sophisticated,1,1
spun,1,1
bestinclass,1,1
ga,1,1
true,1,1
conservative,1,1
rakesh,1,1
probability,1,1
www,1,1
hotel investments,1,1
thirdparty management,1,1
selectservice extendedstay,1,1
platform aperture,1,1
prosecution,1,1
janues,1,1
perera,1,1
roshan,1,1
trusted,1,1
redemptions,1,1
funds,2,2
advisor,1,1
founder,1,1
islip,1,1
island,1,1
enrich,1,1
bureau,1,1
conceal,1,1
deceived,1,1
commodities,3,3
united,1,1
caffarone,1,1
nonviolent,1,1
millions,2,2
docket,1,1
grb,1,1
collar,1,1
convicted perera,1,1
laundering connection,1,1
stock companies,1,1
facilitate prevention,1,1
suisses,1,1
credit,2,2
bondholders,1,1
cs,1,1
lenderoflastresort,1,1
capitalized,1,1
deposit,1,1
wiped,1,1
panic,1,1
private,6,6
forcing,1,1
extent,1,1
pledge,1,1
unfolding,2,2
deterioration,2,2
classic,1,1
fraction,1,1
cushion,1,1
push cs,1,1
dozens billions,1,1
confidence stability,1,1
expressing unambiguous,1,1
sabha,1,1
amendments,1,1
lok,1,1
tax,4,4
rajya,1,1
stt,2,2
options,3,3
rs1,1,1
securities,3,3
regards,1,1
din,2,2
adani,1,1
budget,1,1
fresh,4,4
laid,1,1
turnover,1,1
benches,1,1
upper,1,1
ministry,6,6
opposition,1,1
probe,2,2
exercise,2,2
sabha friday,1,1
stt rates,1,1
transaction tax,1,1
pcrepl,1,1
cpp,1,1
acquisition,2,2
mills,2,2
regulation,1,1
arm,1,1
sebi,2,2
nse,1,1
fiis,1,1
canada,1,1
volume,1,1
plutocrat,1,1
investment pcrepl,1,1
shares phoenix,1,1
mills arm,1,1
requirements regulations,1,1
surprises,1,1
germanys,1,1
implications,1,1
lco,1,1
etr,1,1
lumbers,1,1
near13,1,1
watchlist,2,2
fiveyear,2,2
strong,3,3
predator,1,1
headlines,2,2
wei,1,1
thats,3,3
default swaps,1,1
toremove watchlist,1,1
said crude,1,1
sachs,2,2
bail,1,1
journals,1,1
fomc,1,1
cbs,1,1
holdtomaturity,1,1
hedge,3,3
express,2,2
timothy,1,1
appointee,1,1
svblinked,1,1
doves,1,1
withstand current,1,1
secretary hank,1,1
activity shrink,1,1
workers,1,1
informal,1,1
peru,1,1
pickers,1,1
visits,1,1
nonagricultural,1,1
nature,1,1
wiego,1,1
prescription,1,1
york,3,3
outofpocket,1,1
reject,1,1
constant,1,1
conditional,1,1
fact,2,2
informal workers,1,1
privacy recicladores,1,1
health risks,1,1
recycling solid,1,1
bloomberg,3,3
jpmorgan,1,1
fintech,3,3
upcoming,1,1
strategic,4,4
revenues,1,1
shoptalk,1,1
poole,1,1
plc,2,2
edfs,1,1
hyve,1,1
attendance,1,1
manager,2,2
brexit,1,1
investigate,1,1
jordan,1,1
thing,1,1
harbor,1,1
stepek,1,1
setback,3,3
simplify,2,2
terminus,1,1
asianhours,1,1
chronic,1,1
bloomberg crisis,1,1
edfs acquisition,1,1
meetup shoptalk,1,1
equivalent coronavirus,1,1
zealands sole,1,1
asset,2,2
corporate,1,1
star,1,1
market,3,3
organisation,1,1
connect,1,1
peck,1,1
afc,1,1
conferences,1,1
edward,1,1
auto,1,1
inperson,1,1
equipment,1,1
newest,1,1
events,2,2
webcasts,1,1
pleased,2,2
unrivalled,1,1
engage,2,2
unconferences,1,1
finance connect,1,1
asset equipment,1,1
announce star,1,1
edward peck,1,1
event platforms,1,1
gst,2,2
reddy,2,2
kerala,2,2
rupee,2,2
compensation,2,2
deficits,2,2
centrestate,2,2
yv,2,2
clearance,2,2
cnbctv18,2,2
household,4,4
trilemmas,2,2
best,2,2
week,2,2
asymmetry,2,2
american,3,3
gst compensation,2,2
certificate fy18,2,2
deteriorating state,2,2
svbs,1,1
directors,1,1
charges,2,2
institutionaffiliated,1,1
providers,4,4
gruenberg,2,2
process,2,2
probes,1,1
sources,3,3
run,1,1
parties,1,1
schroeder,1,1
offer,1,1
banks misconduct,1,1
group sivb,1,1
probes events,1,1
run saw,1,1
fds,1,1
riskaverse,1,1
metal,1,1
precious,1,1
returns,6,6
rare,1,1
scheme,1,1
lockin,1,1
taxsaver,1,1
type,1,1
planning,2,2
possibility,2,2
conditions,2,2
horizon,3,3
instruments,1,1
period,2,2
prudent,2,2
reassess,1,1
rate cagr,1,1
basis fds,1,1
zaporizhzhia,1,1
furnace,1,1
blast,1,1
metallurgical,1,1
industrys,1,1
shelters,1,1
southwestern,1,1
antitank,1,1
general,3,3
forces,1,1
slowdowns,1,1
flak,1,1
distance,1,1
temperatures,2,2
metinvest,1,1
revolves,1,1
labyrinth,1,1
strips,1,1
zaporizhzhia ukraine,1,1
furnaces forging,1,1
target impact,1,1
citizens wages,1,1
lillys,1,1
biologic,1,1
production,1,1
facility,2,2
engineers,1,1
annum,1,1
greenfield,2,2
solar,2,2
eli,1,1
ida,1,1
executive,4,4
rainwater,1,1
ingredients,1,1
homes,1,1
raheen,1,1
proof,1,1
kinsale,1,1
news,5,5
sites,1,1
testament,2,2
permission,1,1
january,2,2
received,1,1
new biologics,1,1
energy investment,1,1
site idas,1,1
euler,1,1
attacker,2,2
transactions,3,3
dai,2,2
stablecoin,1,1
tokens,1,1
slowmist,1,1
addresses,1,1
comrf8l6e7yyw,1,1
identical,1,1
insolvency,1,1
ze,1,1
discount,1,1
lending,4,4
control,6,6
pic,1,1
smart,2,2
utc,1,1
push,2,2
lets,1,1
architect,1,1
labels,1,1
dai left,1,1
identical deployer,1,1
total 15476,1,1
university,2,2
turner,1,1
uds,1,1
cpa,1,1
reportingstatements,1,1
stakeholders,3,3
leadership,1,1
metricsdriven,1,1
objectives,1,1
procurement,1,1
facilitate,1,1
assanis,1,1
marc,1,1
mary,1,1
resources,1,1
internal,1,1
positions,1,1
years,2,2
craig,2,2
venter,1,1
remmler,1,1
frostburg,1,1
universitys financial,1,1
turners appointment,1,1
ud leadership,1,1
metricsdriven focus,1,1
humanitys,1,1
earth4all,1,1
researchers,1,1
rome,1,1
leap,1,1
prime,3,3
unprecedented,1,1
gender,1,1
espen,1,1
footprint,2,2
club,1,1
end,1,1
grown,1,1
security,4,4
randers,1,1
jorgen,1,1
contrast,2,2
population prime,1,1
nonprofit organisation,1,1
food energy,1,1
security inequality,1,1
dividends,1,1
multinational,4,4
korea,1,1
exempts,1,1
direct,1,1
law,1,1
residence,1,1
jinho,1,1
red,1,1
highest,5,5
dongjoojoongang,1,1
parent,1,1
edge,1,1
lim,1,1
didnt,3,3
recordhigh,1,1
sohn,1,1
compilation,1,1
earnings korea,1,1
tax foreign,1,1
laws sparks,1,1
ai,1,1
nurphotogetty,1,1
portfolios,2,2
unrealized,1,1
prose,1,1
roboadvisors,1,1
customers,1,1
rises,1,1
acquisitions,2,2
dalle,1,1
xlk,1,1
cashrich,1,1
baker,2,2
schd,1,1
margins,2,2
agreed,1,1
declare,1,1
esg,2,2
cds,1,1
periods,4,4
ai market,1,1
nurphotogetty images,1,1
solid esg,1,1
declare bankruptcy,1,1
ministers,1,1
minns,1,1
prue,1,1
brief,4,4
gita,1,1
priorities,1,1
haylen,1,1
relief,1,1
daniel,1,1
efforts,1,1
minutes,1,1
indian,3,3
perrottet,1,1
lakes,1,1
heads,2,2
wage,1,1
meeting,1,1
son,1,1
en,1,1
briefs,1,1
nsw governor,1,1
brief fish,1,1
arrangements minns,1,1
haylen transport,1,1
fiscal,3,3
gms,1,1
politicians,2,2
agrifood,1,1
energy,4,4
dutyfree,1,1
interventions,3,3
frontiers,1,1
unconstrained,1,1
canadian,1,1
aerospace,1,1
promise,1,1
mobilize,2,2
oshawa,1,1
entrepôt,1,1
tshirts,1,1
inclination,1,1
asselin,1,1
confuse,1,1
semiconductors,1,1
diminishing fiscal,1,1
gms announcement,1,1
canada compete,1,1
agrifood energy,1,1
psb,1,1
bulk,1,1
updates,1,1
exposure,1,1
vigilant,1,1
parameters,1,1
immediate,1,1
underlined,1,1
mds,1,1
granular,1,1
zeebiz,1,1
adequate,1,1
com,4,4
chiefs,1,1
banks psbs,1,1
risk management,1,1
health parameters,1,1
citizenship,1,1
cbi,1,1
income,1,1
antigua,1,1
advantageous,1,1
globalized,1,1
inheritance,1,1
leisure,1,1
healthcare,2,2
provider,1,1
forefront,1,1
goals,4,4
offers,2,2
individuals,2,2
application,2,2
goto,1,1
complex,2,2
regimes,1,1
kitts,1,1
conclusion,1,1
burden,1,1
saint,1,1
choice,1,1
number,1,1
wide,1,1
citizenship investment,1,1
countries antigua,1,1
cbi high,1,1
tax burden,1,1
services 8g,1,1
etmarkets,1,1
shortterm,3,3
disruptions,1,1
conviction,1,1
research,1,1
beliefs,2,2
assert,1,1
selfinterest,1,1
drawdowns,1,1
durations,1,1
instances,1,1
psus,1,1
categorize,1,1
tenfold,1,1
falls,1,1
tusk,1,1
portfolio frameworks,1,1
conviction intensifies,1,1
fraud,1,1
manitobans,1,1
forex,1,1
crypto,1,1
commissions,1,1
amounts,1,1
victimized,1,1
bulgaria,1,1
dow,2,2
jason,1,1
msc,1,1
files,1,1
social,1,1
roy,1,1
attributes,2,2
katherine,1,1
investments smaller,1,1
coming 710000,1,1
common attributes,1,1
impacted,1,1
agriculture,1,1
india,1,1
socioeconomic,1,1
viable,1,1
growthstage,1,1
startups,2,2
bullish,2,2
forprofit,1,1
bikes,1,1
techniques,1,1
prevents,1,1
catalytic,1,1
nonscalable,1,1
tracxn,1,1
impact investments,1,1
necessarily entail,1,1
disclaimer,6,6
media,5,5
responsible,5,5
affiliates,5,5
external,7,7
publishers,5,5
edited,5,5
text,5,5
accuracy,5,5
opinions,6,6
applications,5,5
body,5,5
party,5,5
disclaimer policy,5,5
website external,5,5
applications media,5,5
views opinions,5,5
paintings,1,1
families,1,1
wang,1,1
hui,1,1
serieschinese,1,1
xibo,1,1
charm,1,1
lift,1,1
vcg,1,1
unique,1,1
vitality,1,1
worldclass,2,2
types,2,2
christopher,1,1
orderly,1,1
sothebys,1,1
offices hong,1,1
family wealth,1,1
art storage,1,1
systems principle,1,1
ev,1,1
impacts,2,2
policies,2,2
jobs,1,1
announcements,1,1
bipartisan,1,1
catalyzed,1,1
batteries,1,1
buses,1,1
capable,1,1
propose,1,1
represent,2,2
concentrated,1,1
heavyduty,1,1
wsp,1,1
defense,1,1
passage,1,1
investments electric,1,1
bipartisan infrastructure,1,1
reduction act,1,1
fargo,1,1
sectorwide,1,1
receivership,1,1
giants,1,1
nowcollapsed,1,1
program,1,1
citizens bank,1,1
svbs collapse,1,1
gains riskier,1,1
pause rate,1,1
use,1,1
operation,2,2
ok,1,1
use cookies,1,1
optimum operation,1,1
website makes,1,1
information click,1,1
mfs,1,1
psbs,1,1
staterun,2,2
schemes,3,3
outline,1,1
government,1,1
money,1,1
mutual,2,2
communication,1,1
products,1,1
advantage,2,2
exigency,1,1
familiar,1,1
mfs push,1,1
psbs submit,1,1
business risks,1,1
longview,1,1
winds,1,1
tx,1,1
mph,1,1
shower,1,1
nne,1,1
chance,1,1
low,3,3
tonight,1,1
today overcast,1,1
longview tx,1,1
winds nne,1,1
rain shower,1,1
etf,1,1
edelweiss,1,1
mirae,1,1
amfi,1,1
mumbai,1,1
ist,1,1
srivastava,1,1
updated,1,1
guidelines,1,1
taxed,1,1
lumpsum,1,1
meltdown,1,1
stpssuwill,1,1
cent,2,2
marchend,1,1
headroom,1,1
threshold,1,1
mutual funds,1,1
existing sips,1,1
threshold limit,1,1
pulitzer,1,1
globe_nh,1,1
newsroom,1,1
readers,1,1
commentary,2,2
coverage,1,1
rhode,1,1
vital,1,1
spotlight,1,1
merrimack,1,1
heartbreaking,1,1
llc,1,1
communications,1,1
copy,2,2
smuggling,1,1
heidi,1,1
resonate,1,1
barnes,1,1
rollout,1,1
circulations,1,1
alphonse,1,1
explore,1,1
bgmp,1,1
prioritize,2,2
enhancement,1,1
catholic,1,1
metro,1,1
awardwinning journalism,1,1
globenh boston,1,1
smuggling merrimack,1,1
issues granite,1,1
said linda,1,1
education,2,2
tanzanian,2,2
disabilities,2,2
crossdisciplinary,2,2
geeap,2,2
dar,2,2
mandate,2,2
support,2,2
inform,2,2
acute,3,3
existence,2,2
ruto,2,2
costeffective,2,2
symposium,2,2
inconclusive,2,2
implementations,2,2
flourish,2,2
gaps,2,2
succinct,2,2
wishes,2,2
gulf,2,2
complain,2,2
indices,2,2
makers,3,3
twoday,2,2
global education,2,2
panel geeap,2,2
disabilities evidence,2,2
policyfocused recommendations,2,2
tesla,2,2
musks,1,1
tsla,1,1
elon,1,1
valuation,2,2
journal,1,1
operations,1,1
takeaways,1,1
nonpayment,1,1
factcheckers,1,1
deceptive,1,1
wrangles,1,1
antisemitic,1,1
twitter profitable,1,1
musk taken,1,1
platform causing,1,1
security data,1,1
renewables,2,2
urbanisation,1,1
maintain,1,1
iea,1,1
import,1,1
involvement,1,1
gas,1,1
greater,1,1
college,1,1
domestic,3,3
frameworks,1,1
explores,1,1
tanguy,1,1
dfis,1,1
waldron,1,1
trajectory,2,2
spectrum,1,1
asia energy,1,1
funding clean,1,1
maintain trajectory,1,1
stood average,1,1
entire spectrum,1,1
hearings,1,1
mismanagement,1,1
insured,1,1
announced,2,2
liang,1,1
carolina,1,1
forestalled,1,1
evaluate,1,1
lackadaisical,1,1
size,1,1
banks failure,1,1
feds vice,1,1
supervised silicon,1,1
require congress,1,1
openai,1,1
altman,1,1
neo,1,1
halodi,1,1
robotics,1,1
eves,1,1
semafor,1,1
bipedal,1,1
verge,2,2
nightpatrol,1,1
mschfs,1,1
sheettheir,1,1
mid2021,1,1
youre,1,1
chatgpts,1,1
github,1,1
nikolaisen,1,1
promises,1,1
layoffs,2,2
generalpurpose,1,1
scale,1,1
atoms,1,1
button,1,1
openai cofounders,1,1
norwegian robotics,1,1
neo new,1,1
says tesla,1,1
antitrust,1,1
multijurisdictional,1,1
political,1,1
combines,1,1
scepticism,1,1
case,1,1
actors,1,1
brunswicks,1,1
drawn,2,2
chances,1,1
stringent,1,1
stages,1,1
navigating,1,1
require,1,1
antitrust investigations,1,1
focus regular,1,1
landscapes multiple,1,1
silvergate,2,2
marketcentric,1,1
affordability,1,1
incentive,2,2
mismatches,1,1
lackluster,1,1
conference,1,1
structured,1,1
nims,1,1
start,2,2
floatingrate,1,1
firestorm,1,1
gorilla,1,1
controls,1,1
march 11when,1,1
housing price,1,1
rrp mechanism,1,1
ratethe,1,1
stimulus,1,1
rumor,1,1
target,1,1
fortune,1,1
yearwell,1,1
threemonth,1,1
ramapo,1,1
ratchet,1,1
decelerate,1,1
phase,2,2
dotcom,1,1
macroeconomy,1,1
wellness,1,1
mustread,1,1
mar,1,1
emeritus,1,1
inflation rate,1,1
june 2022,1,1
mustread commentary,1,1
approaches employee,1,1
run unfolds,1,1
reinsurance,1,1
reallocate,1,1
fitch,1,1
contracts,1,1
earnings,2,2
maintains,3,3
rating,2,2
bolster,1,1
record,1,1
improvements,1,1
strain,1,1
insufficient,1,1
nep,1,1
uncertainty,3,3
weather,3,3
solvency,1,1
classes,2,2
exclusions,1,1
nat,1,1
cat,1,1
mix,2,2
ratios higher,1,1
report fitch,1,1
requiring reserve,1,1
january 2023,1,1
mortgage,2,2
incs,1,1
pennymac,1,1
strawn,1,1
harbors,1,1
speers,1,1
habors,1,1
broader,2,2
wickersham,1,1
pair,2,2
lead,3,3
advised,1,1
point,1,1
rocket,1,1
busy,3,3
taft,1,1
dallas,1,1
taylor,1,1
finance partners,1,1
rocket pennymac,1,1
yorkfounded cadwalader,1,1
practice speers,1,1
jiangsu,2,2
turbine,1,1
lianyungang,2,2
upgraded,1,1
openingup,1,1
geng,1,1
certainty,1,1
higherquality,1,1
applaud,1,1
complexity,1,1
diaoyutai,1,1
transformation,2,2
footsteps,1,1
pragmatic,2,2
scholars,1,1
saturday,1,1
li compared,1,1
confidence stabilize,1,1
bvi,1,1
incorporations,1,1
jurisdictions,1,1
islands,1,1
delaware,1,1
transactional,1,1
multishareholder,1,1
rankings,2,2
counsel,1,1
chambers,2,2
act,2,2
published,1,1
directory,1,1
kuria,1,1
advice,1,1
nicholas,1,1
addition,4,4
briant,1,1
bvi jurisdictional,1,1
multishareholder companies,1,1
including funds,1,1
common number,1,1
jakarta,2,2
nusantara,1,1
licensing,1,1
partnership,2,2
kerja,1,1
exemptions,1,1
facilities,1,1
rptka,1,1
agrarian,1,1
introduces,1,1
ikn,1,1
tenaga,2,2
ppnbm,1,1
customs,1,1
criteria,1,1
easements,1,1
extendable,1,1
decree,1,1
value,2,2
clarifies,1,1
kompensasi,1,1
notable,1,1
hgu,1,1
worker,1,1
confirm,1,1
hpl,1,1
dana,1,1
mediumscale,1,1
sets,1,1
foreign ownership,1,1
process ikn,1,1
sjvn,1,1
jpy,1,1
gujarat,1,1
crore,1,1
madhya,1,1
electricity,2,2
japan,1,1
filing,1,1
projects,2,2
balance,2,2
mufg,1,1
cooperation,1,1
sanin,1,1
preservation,1,1
bse,1,1
inr,2,2
viz,1,1
bound,1,1
inked,1,1
crore sjvn,1,1
floating solar,1,1
preservation green,1,1
cfa,1,1
ucla,1,1
titan,1,1
csuf,1,1
readiness,1,1
milestone,4,4
knowledge,1,1
fullerton,1,1
thesis,1,1
coats,1,1
invaluable,1,1
altruism,1,1
fedrow,1,1
sam,1,1
pimco,1,1
constructed,1,1
exceptional,1,1
flip,1,1
jacquelyn,1,1
convert,1,1
chipotle,1,1
drivers,1,1
plethora,1,1
winning cfa,1,1
competitors usc,1,1
angeles investment,1,1
expect students,1,1
ransomware,1,1
icedid,1,1
emotet,1,1
riskaware,1,1
ta542,1,1
flubot,1,1
payload,1,1
runtime,1,1
variants,1,1
devices,2,2
zimperium,1,1
forked,1,1
detect,1,1
proofpoint,1,1
naïve,1,1
unwelcome,1,1
innovators,1,1
antony,1,1
followon,1,1
transitioned,1,1
instruction,1,1
permissions,1,1
landscape,1,1
operators,1,1
emotet malware,1,1
icedid comes,1,1
backconnect proofpoint,1,1
compared banking,1,1
cyberuk,1,1
csit,1,1
programmes,1,1
ukri,1,1
institute,2,2
expertise,1,1
greer,1,1
doctoral,1,1
epsrc,1,1
council,1,1
engineering,1,1
máire,1,1
committed,1,1
quinn,1,1
qub,1,1
flagship,1,1
oneill,1,1
kedar,1,1
hosting,1,1
cuttingedge,2,2
phases,1,1
bursaries,1,1
national cyber,1,1
csit continue,1,1
irelands economy,1,1
baker mp,1,1
create jobs,1,1
photovoltaic,1,1
asean,1,1
jinyong,1,1
haitao,1,1
containers,1,1
leasing,1,1
hub,2,2
automobile,1,1
upgrade,2,2
southeast,1,1
byd,1,1
chinas outbound,1,1
optimized covid19,1,1
photovoltaic power,1,1
containers operation,1,1
towns,1,1
departments,1,1
totals,1,1
reconciliations,1,1
sullivan,1,1
disarray,1,1
ccbysa3,1,1
documentation,2,2
deficiencies,1,1
uncovered,1,1
ive,1,1
time,2,2
editors,1,1
ensures,1,1
hasbroucks,1,1
unresolved,1,1
noted,1,1
cheryl,1,1
selectboard,1,1
audit towns,1,1
deficiencies norwich,1,1
opinion fiscal,1,1
canadia,1,1
mobile,1,1
services,3,3
transfers,2,2
tencent,1,1
onestop,1,1
khqr,1,1
tmf,1,1
codes,1,1
vendor,1,1
experiences,1,1
convenient,1,1
users,2,2
personalise,1,1
lau,1,1
assessment,2,2
collaboration,1,1
firstclass,1,1
poshu,1,1
reinforcement,1,1
forward,1,1
unsplash,2,2
howard,1,1
canadia bank,1,1
app digital,1,1
khqr codes,1,1
security assessment,1,1
having firstclass,1,1
hsbc,1,1
sanctions,1,1
texass,1,1
hegar,1,1
comptroller,1,1
fundamentals,2,2
producers,1,1
paribas,1,1
speculative,1,1
drilling,1,1
transcript,1,1
theyll,1,1
boosting,1,1
wraps,1,1
defining,1,1
divest,1,1
umbrage,1,1
sanctions hsbc,1,1
investment blacklist,1,1
texas current,1,1
defining comptroller,1,1
wastewater,1,1
livelihoods,1,1
waterintensive,1,1
invest,2,2
planets,1,1
technologies,1,1
underfinanced,1,1
laos,1,1
nutrients,1,1
holistic,1,1
uns,1,1
threaten,1,1
notforprofit,1,1
important,2,2
adopt,1,1
amman,1,1
collects,1,1
water scarcity,1,1
economy investment,1,1
increase current,1,1
special envoy,1,1
netanyahustyle,1,1
israelis,1,1
apartheid,1,1
extremism,1,1
bibi,1,1
modi,1,1
smotrich,1,1
settlements,1,1
hightech,1,1
prophecy,1,1
consensus,1,1
histadrut,1,1
cuts,1,1
greenberg,1,1
dependency,1,1
fanatics,1,1
costless,1,1
huge,1,1
likeminded,1,1
debttogdp,1,1
israeli economy,1,1
judicial overhaul,1,1
wall months,1,1
weakness signal,1,1
badri,1,1
badris,1,1
hidayatullah,1,1
afghanistan,1,1
taliban,1,1
afghanistans,1,1
mohammad,1,1
talks,1,1
retook,1,1
humanitarian,1,1
power,1,1
august,1,1
appear,1,1
unclear,1,1
afghanistan bank,1,1
badri took,1,1
governor reuters,1,1
appointment affect,1,1
stagnation,1,1
bills,1,1
younger,1,1
obrs,1,1
prepandemic,1,1
proved,1,1
artificial,1,1
meet,1,1
inflation uk,1,1
optimistic outlook,1,1
cuts mental,1,1
bergins,1,1
scholer,1,1
litigation,1,1
cogeneral,1,1
kaye,1,1
fallout,2,2
grapples,1,1
banks bergin,1,1
regulatory litigation,1,1
expertise range,1,1
sending shares,1,1
rajeswaran,1,1
nsei,1,1
sensex,1,1
sectoral,1,1
contain,1,1
textiles,1,1
benchmarks,1,1
pharma,1,1
soreng,1,1
asian,1,1
reli,1,1
indian markets,1,1
fpis dampener,1,1
bailout,1,1
eurozone,1,1
devaluation,1,1
roundup,1,1
unlikely,1,1
strategists,1,1
costpush,1,1
apriljune,1,1
daily,2,2
sees,1,1
gayle,1,1
lannquist,1,1
rising rates,2,2
suisse bonds,1,1
lanka needs,1,1
publication,1,1
gu,1,1
introduce,1,1
investing indian,1,1
fundamentals investing,1,1
introduce fundamentals,1,1
maven,1,1
partnerships,1,1
leveraged,1,1
npif,1,1
erdf,1,1
fastpath,1,1
tool,1,1
bevington,1,1
programme,1,1
leps,1,1
authority,1,1
exits,1,1
cheshire,1,1
humber,1,1
tees,1,1
speak,2,2
sciences,1,1
appetite,2,2
investments maven,1,1
leading provider,1,1
cyber security,1,1
nextgeneration fibre,1,1
liverpool city,1,1
shoosmiths,1,1
warrington,1,1
sq,1,1
advisers,1,1
mipim,1,1
islamic,1,1
abrdn,1,1
transaction,1,1
greenpoint,1,1
multilet,1,1
telereal,1,1
darin,1,1
liam,1,1
gardnerbrowne,1,1
understandable,1,1
talk,1,1
shoosmiths investment,1,1
number tenants,1,1
london middle,1,1
trillium purchase,1,1
ability problemsolve,1,1
ventures,1,1
berenguer,1,1
fund,2,2
commitment,1,1
marina,1,1
roig,1,1
peris,1,1
optimizes,1,1
phd,1,1
iñaki,1,1
planet,1,1
technology,1,1
pepe,1,1
example,1,1
finding,1,1
charger,1,1
paack,1,1
geoblink,1,1
criptan,1,1
cure,1,1
coincide,1,1
commitment sustainable,1,1
coincide berenguer,1,1
juan roig,1,1
technology optimizes,1,1
adequacy,1,1
condition,1,1
adelia,1,1
management,2,2
car,1,1
unlimited,1,1
register,1,1
pratiwi,1,1
whatsapp,1,1
countries,1,1
npl,1,1
tue,1,1
epost,1,1
newsletters,3,3
adequacy ratio,1,1
fares,1,1
airways,1,1
reservations,1,1
factory,1,1
salefirst,1,1
lease,1,1
cancellation,1,1
tataowned,1,1
rows,1,1
amenity,1,1
augment,1,1
san,1,1
headphones,1,1
midmay,1,1
monoclass,1,1
lufthansa,1,1
foot,1,1
frequency,1,1
indicator,1,1
hohmeister,1,1
economy airline,1,1
sell premium,1,1
india march,1,1
instances past,1,1
set induct,1,1
fids,1,1
refinery,1,1
reportlinker,1,1
petrochemical,1,1
scope,1,1
strategies,1,1
newswire,2,2
segments,1,1
europe,1,1
chain,2,2
comp06249717,1,1
globe,1,1
utm_sourcegnw,1,1
abreast,1,1
__________________________,1,1
solution,1,1
russian,1,1
fids 2023,1,1
projects data,1,1
petrochemical segments,1,1
utm_sourcegnw reportlinker,1,1
strategies help,1,1
laziness,1,1
postpandemic,1,1
cre,2,2
popular,1,1
pro,1,1
dilemma,1,1
theory,1,1
realtime,1,1
goldman,1,1
miss,1,1
musk,1,1
shadow,1,1
cnbc,2,2
define,2,2
gallups,1,1
mentors,1,1
solomon,1,1
office space,1,1
cre investment,1,1
define hybrid,1,1
fridays mondays,1,1
quarterly,1,1
audits,1,1
a5b,1,1
note,2,2
firbs,1,1
prevalence,1,1
agents,1,1
certificate,1,1
precedent,1,1
contains,1,1
attributable,1,1
notify,1,1
referrals,1,1
noncompliance,1,1
investment australian,1,1
reporting foreign,1,1
processing timelines,1,1
amortized,1,1
imbalance,1,1
astronomical,1,1
worrisome,1,1
postcovid,1,1
lent,1,1
tertiary,1,1
stop,1,1
lobbying,1,1
malls,1,1
roundtable,1,1
heldtomaturity,1,1
heart,1,1
ubiquity,1,1
impairmentinvalue,1,1
chexal,1,1
goaround,1,1
louisiana,1,1
sls,1,1
joseph,1,1
said maybe,1,1
ignored deboers,1,1
ger30,1,1
fxcm,1,1
deutsche,2,2
scholz,1,1
catalyst,1,1
chancellor,1,1
geopolitical,2,2
tactical,1,1
station,1,1
elusive,1,1
saw,1,1
assuage,1,1
prove,1,1
cloud,1,1
persist,1,1
fibonacci,1,1
ger30 analysis,1,1
saw stocks,1,1
geopolitical tensions,1,1
californiabased,1,1
harris,1,1
penn,1,1
plurality,1,1
client,1,1
sparks,1,1
thirtyfive,1,1
interval,1,1
capsharris,1,1
failure silicon,1,1
voters effect,1,1
americans arent,1,1
prioritize combating,1,1
zawya,2,2
subscribe,2,2
insights,2,2
inbox,2,2
exclusive,2,2
zawya newsletters,2,2
content world,2,2
delivered inbox,2,2
insights exclusive,2,2
sats,1,1
offered,1,1
authorization,1,1
lockup,1,1
disclosure,1,1
cest,1,1
buyback,1,1
loan,1,1
remuneration,1,1
ose,1,1
bearing,1,1
scholes,1,1
expected,1,1
days,1,1
foretaksregisteret,1,1
commence,1,1
deviation,1,1
q4,1,1
relations,2,2
resolutions,1,1
sats asa,1,1
lockup period,1,1
separately application,1,1
uae,2,2
innovation,1,1
omar,1,1
future,1,1
qualifications,1,1
implementation,1,1
conducive,1,1
coders,1,1
foundation,1,1
transform,1,1
cadres,1,1
mission,1,1
excellency,1,1
academy,1,1
solve,1,1
works,2,2
dubais digital,1,1
al gergawi,1,1
companies strengthen,1,1
chamber goals,1,1
tcs,1,1
bfs,1,1
matrix,1,1
breadth,1,1
everest,1,1
leader,1,1
capability,1,1
open,1,1
delivery,1,1
vision,1,1
finance services,1,1
peak matrix,1,1
group assessment,1,1
significant value,1,1
brussels,1,1
ngos,1,1
initiative,1,1
chairperson,1,1
commerzbank,1,1
girls,1,1
inclusiveness,1,1
virginie,1,1
com746027bloombergtoexpandeuwomeninfinanceinitiativetokeepinspiringthenextgeneration,1,1
bourke,1,1
eiopa,1,1
grauer,1,1
worklife,1,1
botin,1,1
tinagli,1,1
mauderer,1,1
welcome,2,2
httpswww,2,2
accesswire,1,1
finance eu,1,1
bloomberg employees,1,1
women participate,1,1
learn inspirational,1,1
bangkokbank,1,1
debit,1,1
ais,1,1
comththpersonalcardsbe1stsmartcardbe1stdigitalaispoints,1,1
consumers,2,2
baht,1,1
carts,1,1
convenience,1,1
order,1,1
attract,1,1
contactless,1,1
tee,1,1
check,1,1
aunjai,1,1
special,1,1
designs,1,1
division,1,1
bualuang,1,1
bank ais,1,1
benefits thai,1,1
order create,1,1
cpi,1,1
industrial,1,1
housing,1,1
coin,1,1
fundamental,2,2
reading,1,1
product,1,1
telegraph,1,1
concepts,1,1
decisions,1,1
starts,1,1
components,1,1
influence,1,1
continue,1,1
understanding economy,1,1
index cpi,1,1
housing starts,1,1
coin telegraph,1,1
commodity,1,1
copper,1,1
labour,1,1
nordic,1,1
bir,1,1
tonnage,1,1
nervousness,1,1
carsandmre,1,1
postponements,1,1
rescue,1,1
stoneleigh,1,1
palpable,1,1
presentations,1,1
sidelines,1,1
grades,1,1
market metals,1,1
labour costs,1,1
inception 2012,1,1
dbk,1,1
ings,1,1
premarket,1,1
sixth,1,1
macro,2,2
europeans,1,1
csgn,1,1
react,1,1
skeptical,1,1
delay,1,1
careful,1,1
flirt,1,1
economic sentiment,1,1
ifo index,2,2
bank dbk,1,1
giant deutsche,1,1
months monday,1,1
사업자정보,1,1
크리에이터들이,1,1
호스팅,1,1
상품들은,1,1
판매하지,1,1
판매자들의,1,1
추천한,1,1
이러한,1,1
유튜브는,1,1
상에,1,1
유튜브,1,1
대한,1,1
게시,1,1
mountain,1,1
지지,1,1
제품들을,1,1
책임을,1,1
태그,1,1
pichai,1,1
따라,1,1
않으며,1,1
약관에,1,1
판매됩니다,1,1
또는,1,1
않습니다,1,1
sundar,1,1
google,1,1
ytsupportsolutionskrgoogle,1,1
그에,1,1
무료,1,1
usa,1,1
sundar pichai,1,1
view ca,1,1
amphitheatre parkway,1,1
insiders,1,1
doomsday,1,1
midmonth,1,1
bulls,1,1
coal,1,1
plunge,1,1
plenty,1,1
idiosyncratic,1,1
tailwind,1,1
disinflationary,1,1
dakuk week,1,1
raise shortterm,1,1
flinch sentiment,1,1
cost insure,1,1
taxpayers,1,1
indonesians,1,1
scandal,1,1
joko,1,1
receipts,1,1
indrawatis,1,1
sri,1,1
credible,1,1
widodo,1,1
authorized,1,1
urgency,1,1
pillars,1,1
officers,1,1
split,1,1
spokeswoman,1,1
dwi,1,1
discontent,1,1
flaunt,1,1
domain,1,1
database,1,1
tax officials,1,1
mulling proposal,1,1
crisis confidence,1,1
declines,1,1
mscis,1,1
xi,1,1
sarb,1,1
ssec,1,1
em,1,1
rubutstnmcx,1,1
steady,1,1
rand,1,1
belarus,1,1
rs2ousndx,1,1
coms_shreyashi,1,1
exporters,2,2
haddad,1,1
httpstwitter,1,1
emerging market,1,1
hsi fell,1,1
default mscis,1,1
subsidiary,1,1
globaltrans,1,1
cyprus,1,1
negligence,1,1
contents,1,1
ifrs,1,1
notice,1,1
undue,1,1
analytical,1,1
stabilisation,1,1
asterisk,1,1
year1,1,1
balttransservis,1,1
jsc,1,1
tables,1,1
bts4,1,1
gondola,1,1
shenets,1,1
websitewww,1,1
longerdistance,1,1
financial statements,1,1
laws cyprus,1,1
globaltrans groups,1,1
run ratio,1,1
tnb,1,1
johor,1,1
gds,1,1
huang,1,1
iot,1,1
indera,1,1
khoo,1,1
cision,1,1
highperformance,1,1
fibre,1,1
html,1,1
operator,1,1
tnb gds,1,1
ensuring electricity,1,1
malaysias ambition,1,1
g20,1,1
exim,1,1
adb,1,1
mitigation,1,1
saudi,1,1
lifeblood,1,1
integral,1,1
mmjpsscpm,1,1
groupings,1,1
limits,1,1
receivables,1,1
threeday,2,2
instrument,1,1
drummond,1,1
tamanna,1,1
trade finance,1,1
india exim,1,1
flows mitigating,1,1
group panel,1,1
prepaid,1,1
mastercard,1,1
ecommerce,1,1
cryptocurrencies,2,2
publisher,1,1
dublin,1,1
cashee,1,1
databook,1,1
diversify,1,1
indepth,1,1
accelerate,1,1
capitalize,1,1
bitoasis,1,1
midtier,1,1
rounds,1,1
terminals,1,1
pressresearchandmarkets,1,1
fintech prepaid,1,1
uae years,1,1
consumer attitude,1,1
view size,1,1
stakingbased,1,1
mosdex,1,1
investable,1,1
fractional,1,1
disruptive,1,1
inflows,1,1
seismic,1,1
usdt,1,1
httpsmedium,1,1
telegram,1,1
upfront,1,1
supportatmosdex,1,1
closures,1,1
rebate,1,1
comresourceswhitepaper,1,1
covy,1,1
dashboard,1,1
banking crypto,1,1
mosdex comresourcesaudits,1,1
raising questions,1,1
associated traditional,1,1
asianinvestor,1,1
insurer,1,1
incorporate,1,1
singlifes,1,1
homegrown,1,1
mandates,1,1
azalea,1,1
credentials,1,1
outperform,1,1
kim,1,1
intangible,1,1
recommend,1,1
aladdin,1,1
rosenkilde,1,1
endmarch,1,1
us8,1,1
occasional,1,1
peers,1,1
digits,1,1
sits,1,1
contemporary,1,1
honest,1,1
insurer singapore,1,1
selecting managers,1,1
upgrade asset,1,1
team talks,1,1
chinese,1,1
wealth,1,1
xinhua,1,1
class,1,1
attractive,1,1
contribution,1,1
produced,1,1
chinese stocks,1,1
manager vontobel,1,1
remain attractive,1,1
cofco,1,1
soybean,1,1
favaros,1,1
silva,1,1
farmland,1,1
railways,1,1
lula,1,1
feed,1,1
translator,1,1
marguerita,1,1
certification,1,1
comment,1,1
syngenta,1,1
trip,1,1
voracious,1,1
pneumonia,1,1
restoration,1,1
pattonthomsonreuters,1,1
china cofco,1,1
demand soybeans,1,1
expanding export,1,1
kokomas,1,1
certikskynetalert,1,1
cbtc,1,1
scam,1,1
bitcoin,1,1
profit,1,1
locked,1,1
cobepwfahblz,1,1
try,1,1
httpst,1,1
disappearance,1,1
arbitrum,1,1
loophole,1,1
dumps,1,1
slippage,1,1
defi,1,1
tvl,1,1
sonne,1,1
noncustodial,1,1
deployer,1,1
kokoma finance,1,1
reset reward,1,1
just 64000,1,1
economists,1,1
businessclimate,1,1
pessimistic,1,1
germany,1,1
automotive,1,1
fontdegloriawsj,1,1
energyprice,1,1
fuest,1,1
quarterand,1,1
intensifies,1,1
edged,1,1
servicesector,1,1
drag,1,1
chemical,1,1
clemens,1,1
business sentiment,1,1
banks german,1,1
drag higher,1,1
tariffs,1,1
yuan,1,1
uschina,1,1
priority,1,1
fukomuffinshutterstock,1,1
promotes,1,1
destinations,1,1
donald,1,1
sombre,1,1
hart,1,1
risen,1,1
barklie,1,1
halved,1,1
proportion,1,1
bilateral,1,1
business china,1,1
geopolitical flares,1,1
glenn barklie,1,1
eurusd,1,1
bond,2,2
indexes,2,2
price,1,1
equities,1,1
perspective,1,1
averages,1,1
bond yields,1,1
ifo data,1,1
valley bank,1,1
traders,1,1
crossmarket,1,1
copenhagen,1,1
narwhal,1,1
secures,1,1
bnb,1,1
earn,1,1
animoca,1,1
dex,1,1
chainwire,1,1
inquiries,1,1
perpetual,1,1
developer,1,1
disrupt,1,1
secures 1m,1,1
copenhagen 27th,1,1
dex experience,1,1
combined platforms,1,1
gsma,1,1
postmwc,1,1
mwcshanghai,1,1
stations,1,1
affordable,1,1
overtake,1,1
chen,1,1
apis,1,1
exploration,1,1
decisionmakers,1,1
sniec,1,1
granryd,1,1
transforms,1,1
harmonise,1,1
wisdom,1,1
hosted postmwc,1,1
launch apis,1,1
ecosystem adjacent,1,1
gainers,1,1
london,1,1
climb,1,1
luxury,1,1
telecom,1,1
calm,1,1
flat,1,1
fdics,1,1
tinto,1,1
ricard,1,1
germanys dax,1,1
investors suggests,1,1
tinto slipped,1,1
outlook shortterm,1,1
woodfords,1,1
comliteraturelibraryfundsinvestmenttrustsscottishmortgagescottishmortgageprivatecompanies,1,1
scottish,1,1
motley,1,1
ftse,1,1
fools,1,1
differences,1,1
comfortable,1,1
nonexecutive,1,1
stage,1,1
curve,1,1
scottish mortgages,1,1
compared woodfords,1,1
smt growth,1,1
motley fools,1,1
sba,1,1
rapidfinance,1,1
smb,1,1
bethesda,1,1
businesswire,1,1
breakthrough,1,1
faster,1,1
flexible,1,1
line,1,1
collect,1,1
limbo,1,1
alexwilliammills,1,1
bauknight,1,1
arango,1,1
permit,1,1
tumulty,1,1
contacts,1,1
denial,1,1
business lending,1,1
platform rapid,1,1
transaction result,1,1
said tumulty,1,1
usdjpys,1,1
yen,1,1
ust,1,1
weakness,1,1
adversity,1,1
surge,1,1
rsi,1,1
round,1,1
pce,1,1
fuels,1,1
safehaven,1,1
expenditure,1,1
chart,1,1
watch,1,1
relative,1,1
usdjpys upward,1,1
ust bond,1,1
average dma,1,1
signals possible,1,1
year_cnt,6578,6578
